id,name
res_district_0,อ.เมืองสรวง
res_district_481,อ.จตุรพักตรพิมาน
res_district_221,อ.อาจสามารถ
res_district_220,อ.ปทุมรัตต์
res_district_341,อ.โพนทอง
res_district_122,อ.เกษตรวิสัย
res_district_203,อ.เมืองร้อยเอ็ด
res_district_9,อ.หนองพอก
res_district_657,อ.ทุ่งเขาหลวง
res_district_701,อ.ธวัชบุรี
res_district_155,อ.พนมไพร
res_district_63,อ.เสลภูมิ
res_district_790,อ.ศรีสมเด็จ
res_district_218,อ.โพธิ์ชัย
res_district_798,อ.เชียงขวัญ
res_district_417,อ.สุวรรณภูมิ
res_district_692,อ.โพนทราย
res_district_408,อ.จังหาร
res_district_547,อ.หนองฮี
res_district_429,อ.เมยวดี
res_district_145,อ.หนองบัวแดง
res_district_75,อ.ภูเขียว
res_district_149,อ.เมืองชัยภูมิ
res_district_174,อ.เกษตรสมบูรณ์
res_district_331,อ.คอนสาร
res_district_462,อ.แก้งคร้อ
res_district_153,อ.จัตุรัส
res_district_785,อ.บำเหน็จณรงค์
res_district_856,อ.หนองบัวระเหว
res_district_95,อ.เนินสง่า
res_district_451,อ.บ้านเขว้า
res_district_329,อ.คอนสวรรค์
res_district_801,อ.บ้านแท่น
res_district_732,อ.เทพสถิต
res_district_799,อ.ภักดีชุมพล
res_district_477,อ.ซับใหญ่
res_district_337,อ.วารินชำราบ
res_district_213,อ.เขมราฐ
res_district_717,อ.นาเยีย
res_district_212,อ.สำโรง
res_district_62,อ.เดชอุดม
res_district_334,อ.บุณฑริก
res_district_144,อ.พิบูลมังสาหาร
res_district_845,อ.โพธิ์ไทร
res_district_37,อ.ตระการพืชผล
res_district_50,อ.เมืองอุบลราชธานี
res_district_70,อ.เขื่องใน
res_district_743,อ.โขงเจียม
res_district_219,อ.น้ำขุ่น
res_district_716,อ.นาจะหลวย
res_district_546,อ.ม่วงสามสิบ
res_district_351,อ.ตาลสุม
res_district_81,อ.นาตาล
res_district_106,อ.กุดข้าวปุ้น
res_district_774,อ.น้ำยืน
res_district_360,อ.ศรีเมืองใหม่
res_district_172,อ.ทุ่งศรีอุดม
res_district_865,อ.เหล่าเสือโก้ก
res_district_669,อ.สว่างวีระวงศ์
res_district_336,อ.สิรินธร
res_district_361,อ.ดอนมดแดง
res_district_377,อ.คูเมือง
res_district_819,อ.ปะคำ
res_district_31,อ.สตึก
res_district_187,อ.บ้านใหม่ไชยพจน์
res_district_581,อ.ละหานทราย
res_district_392,อ.ประโคนชัย
res_district_532,อ.หนองกี่
res_district_32,อ.เมืองบุรีรัมย์
res_district_561,อ.ลำปลายมาศ
res_district_30,อ.กระสัง
res_district_191,อ.นางรอง
res_district_782,อ.พุทไธสง
res_district_449,อ.ชำนิ
res_district_410,อ.บ้านกรวด
res_district_786,อ.บ้านด่าน
res_district_863,อ.หนองหงส์
res_district_508,อ.นาโพธิ์
res_district_409,อ.พลับพลาชัย
res_district_853,อ.โนนดินแดง
res_district_493,อ.แคนดง
res_district_229,อ.เฉลิมพระเกียรติ
res_district_500,อ.โนนสุวรรณ
res_district_590,อ.ห้วยราช
res_district_378,อ.มหาชนะชัย
res_district_208,อ.เมืองยโสธร
res_district_126,อ.กุดชุม
res_district_19,อ.ป่าติ้ว
res_district_152,อ.ค้อวัง
res_district_495,อ.ทรายมูล
res_district_134,อ.คำเขื่อนแก้ว
res_district_169,อ.เลิงนกทา
res_district_353,อ.ไทยเจริญ
res_district_158,อ.เขาวง
res_district_496,อ.หนองกุงศรี
res_district_728,อ.นามน
res_district_255,อ.ยางตลาด
res_district_831,อ.สมเด็จ
res_district_15,อ.กมลาไสย
res_district_729,อ.สหัสขันธ์
res_district_137,อ.กุฉินารายณ์
res_district_66,อ.เมืองกาฬสินธุ์
res_district_342,อ.ห้วยผึ้ง
res_district_382,อ.ฆ้องชัย
res_district_130,อ.ท่าคันโท
res_district_711,อ.นาคู
res_district_176,อ.ห้วยเม็ก
res_district_850,อ.ร่องคำ
res_district_348,อ.สามชัย
res_district_492,อ.ดอนจาน
res_district_543,อ.คำม่วง
res_district_685,อ.ท่าลี่
res_district_583,อ.หนองหิน
res_district_1,อ.เมืองเลย
res_district_687,อ.ภูเรือ
res_district_4,อ.ด่านซ้าย
res_district_829,อ.ภูกระดึง
res_district_607,อ.เอราวัณ
res_district_399,อ.เชียงคาน
res_district_608,อ.วังสะพุง
res_district_430,อ.ปากชม
res_district_689,อ.นาด้วง
res_district_670,อ.ผาขาว
res_district_726,อ.นาแห้ว
res_district_839,อ.ภูหลวง
res_district_12,อ.กบินทร์บุรี
res_district_660,อ.นาดี
res_district_483,อ.เมืองปราจีนบุรี
res_district_17,อ.ศรีมหาโพธิ
res_district_27,อ.บ้านสร้าง
res_district_358,อ.ประจันตคาม
res_district_380,อ.ศรีมโหสถ
res_district_742,อ.เถิน
res_district_73,อ.เมืองลำปาง
res_district_681,อ.เกาะคา
res_district_740,อ.งาว
res_district_538,อ.แม่ทะ
res_district_656,อ.วังเหนือ
res_district_414,อ.แม่เมาะ
res_district_731,อ.สบปราบ
res_district_816,อ.ห้างฉัตร
res_district_627,อ.เมืองปาน
res_district_631,อ.เสริมงาม
res_district_642,อ.แจ้ห่ม
res_district_830,อ.แม่พริก
res_district_43,อ.กันทรลักษ์
res_district_354,อ.กันทรารมย์
res_district_505,อ.วังหิน
res_district_57,อ.ขุขันธ์
res_district_591,อ.เมืองจันทร์
res_district_34,อ.ขุนหาญ
res_district_121,อ.อุทุมพรพิสัย
res_district_72,อ.ห้วยทับทัน
res_district_374,อ.เมืองศรีสะเกษ
res_district_751,อ.โนนคูณ
res_district_421,อ.ราษีไศล
res_district_185,อ.ปรางค์กู่
res_district_129,อ.ศิลาลาด
res_district_665,อ.เบญจลักษ์
res_district_595,อ.ศรีรัตนะ
res_district_171,อ.ยางชุมน้อย
res_district_375,อ.น้ำเกลี้ยง
res_district_497,อ.ภูสิงห์
res_district_545,อ.ไพรบึง
res_district_594,อ.พยุห์
res_district_832,อ.โพธิ์ศรีสุวรรณ
res_district_770,อ.บึงบูรพ์
res_district_2,อ.ดงหลวง
res_district_6,อ.นิคมคำสร้อย
res_district_338,อ.คำชะอี
res_district_516,อ.ดอนตาล
res_district_802,อ.หนองสูง
res_district_175,อ.เมืองมุกดาหาร
res_district_440,อ.หว้านใหญ่
res_district_49,อ.ท่าตูม
res_district_167,อ.ศีขรภูมิ
res_district_114,อ.เมืองสุรินทร์
res_district_480,อ.ศรีณรงค์
res_district_38,อ.สังขะ
res_district_422,อ.พนมดงรัก
res_district_35,อ.จอมพระ
res_district_556,อ.ลำดวน
res_district_100,อ.ปราสาท
res_district_36,อ.สำโรงทาบ
res_district_39,อ.ชุมพลบุรี
res_district_107,อ.กาบเชิง
res_district_344,อ.โนนนารายณ์
res_district_136,อ.รัตนบุรี
res_district_390,อ.บัวเชด
res_district_722,อ.สนม
res_district_579,อ.เขวาสินรินทร์
res_district_142,อ.เมืองหนองบัวลำภู
res_district_161,อ.สุวรรณคูหา
res_district_165,อ.ศรีบุญเรือง
res_district_147,อ.โนนสัง
res_district_739,อ.นาวัง
res_district_146,อ.นากลาง
res_district_164,อ.เมืองอุดรธานี
res_district_615,อ.หนองแสง
res_district_355,อ.ไชยวาน
res_district_503,อ.บ้านดุง
res_district_69,อ.บ้านผือ
res_district_712,อ.น้ำโสม
res_district_531,อ.หนองหาน
res_district_140,อ.กุดจับ
res_district_400,อ.เพ็ญ
res_district_605,อ.โนนสะอาด
res_district_330,อ.กู่แก้ว
res_district_506,อ.พิบูลย์รักษ์
res_district_643,อ.ทุ่งฝน
res_district_166,อ.หนองวัวซอ
res_district_733,อ.นายูง
res_district_180,อ.กุมภวาปี
res_district_734,อ.สร้างคอม
res_district_357,อ.วังสามหมอ
res_district_730,อ.ประจักษ์ศิลปาคม
res_district_418,อ.ศรีธาตุ
res_district_194,อ.พยัคฆภูมิพิสัย
res_district_507,อ.โกสุมพิสัย
res_district_163,อ.กุดรัง
res_district_530,อ.เมืองมหาสารคาม
res_district_211,อ.วาปีปทุม
res_district_178,อ.กันทรวิชัย
res_district_737,อ.นาเชือก
res_district_118,อ.บรบือ
res_district_843,อ.แกดำ
res_district_188,อ.นาดูน
res_district_159,อ.ชื่นชม
res_district_186,อ.เชียงยืน
res_district_502,อ.ยางสีสุราช
res_district_215,อ.คง
res_district_403,อ.เมืองนครราชสีมา
res_district_771,อ.เทพารักษ์
res_district_48,อ.โชคชัย
res_district_21,อ.พิมาย
res_district_10,อ.ห้วยแถลง
res_district_384,อ.ปักธงชัย
res_district_162,อ.ด่านขุนทด
res_district_59,อ.สีคิ้ว
res_district_849,อ.วังน้ำเขียว
res_district_25,อ.ประทาย
res_district_454,อ.ชุมพวง
res_district_302,อ.จักราช
res_district_245,อ.ครบุรี
res_district_811,อ.หนองบุญมาก
res_district_141,อ.สูงเนิน
res_district_237,อ.ลำทะเมนชัย
res_district_217,อ.โนนสูง
res_district_40,อ.เมืองยาง
res_district_772,อ.แก้งสนามนาง
res_district_138,อ.บัวใหญ่
res_district_177,อ.เสิงสาง
res_district_65,อ.ปากช่อง
res_district_864,อ.สีดา
res_district_116,อ.โนนไทย
res_district_527,อ.โนนแดง
res_district_752,อ.บัวลาย
res_district_216,อ.ขามสะแกแสง
res_district_209,อ.ขามทะเลสอ
res_district_464,อ.บ้านเหลื่อม
res_district_620,อ.พระทองคำ
res_district_243,อ.เมืองจันทบุรี
res_district_424,อ.มะขาม
res_district_42,อ.นายายอาม
res_district_284,อ.เขาคิชฌกูฏ
res_district_200,อ.ขลุง
res_district_256,อ.ท่าใหม่
res_district_226,อ.แก่งหางแมว
res_district_609,อ.สอยดาว
res_district_277,อ.แหลมสิงห์
res_district_311,อ.โป่งน้ำร้อน
res_district_257,อ.บ้านโพธิ์
res_district_263,อ.เมืองฉะเชิงเทรา
res_district_675,อ.พนมสารคาม
res_district_663,อ.บางปะกง
res_district_676,อ.บางคล้า
res_district_379,อ.สนามชัยเขต
res_district_487,อ.ราชสาส์น
res_district_190,อ.คลองเขื่อน
res_district_267,อ.ท่าตะเกียบ
res_district_514,อ.บางน้ำเปรี้ยว
res_district_860,อ.แปลงยาว
res_district_268,อ.บ้านแพ้ว
res_district_113,อ.เมืองสมุทรสาคร
res_district_288,อ.กระทุ่มแบน
res_district_280,อ.รัษฎา
res_district_647,อ.ปะเหลียน
res_district_93,อ.สิเกา
res_district_632,อ.ห้วยยอด
res_district_624,อ.ย่านตาขาว
res_district_102,อ.กันตัง
res_district_319,อ.เมืองตรัง
res_district_458,อ.นาโยง
res_district_574,อ.หาดสำราญ
res_district_691,อ.วังวิเศษ
res_district_287,อ.ศรีนคร
res_district_7,อ.กงไกรลาศ
res_district_269,อ.ศรีสำโรง
res_district_586,อ.เมืองสุโขทัย
res_district_247,อ.สวรรคโลก
res_district_565,อ.บ้านด่านลานหอย
res_district_485,อ.ศรีสัชนาลัย
res_district_64,อ.ทุ่งเสลี่ยม
res_district_646,อ.คีรีมาศ
res_district_432,อ.พัฒนานิคม
res_district_8,อ.เมืองลพบุรี
res_district_434,อ.หนองม่วง
res_district_472,อ.ท่าหลวง
res_district_433,อ.บ้านหมี่
res_district_300,อ.โคกสำโรง
res_district_148,อ.ลำสนธิ
res_district_848,อ.โคกเจริญ
res_district_636,อ.สระโบสถ์
res_district_444,อ.ชัยบาดาล
res_district_686,อ.ท่าวุ้ง
res_district_445,อ.บ้านค่าย
res_district_45,อ.แกลง
res_district_96,อ.เมืองระยอง
res_district_456,อ.วังจันทร์
res_district_745,อ.นิคมพัฒนา
res_district_587,อ.ปลวกแดง
res_district_448,อ.เขาชะเมา
res_district_784,อ.บ้านฉาง
res_district_461,อ.เมืองกาญจนบุรี
res_district_438,อ.ทองผาภูมิ
res_district_634,อ.ท่าม่วง
res_district_60,อ.ด่านมะขามเตี้ย
res_district_517,อ.พนมทวน
res_district_625,อ.เลาขวัญ
res_district_555,อ.ศรีสวัสดิ์
res_district_698,อ.ไทรโยค
res_district_510,อ.ท่ามะกา
res_district_862,อ.หนองปรือ
res_district_460,อ.บ่อพลอย
res_district_537,อ.ห้วยกระเจา
res_district_817,อ.สังขละบุรี
res_district_560,อ.บ้านหมอ
res_district_184,อ.หนองแค
res_district_151,อ.เมืองสระบุรี
res_district_387,อ.เสาไห้
res_district_436,อ.แก่งคอย
res_district_844,อ.หนองแซง
res_district_474,อ.มวกเหล็ก
res_district_521,อ.หนองโดน
res_district_236,อ.พระพุทธบาท
res_district_303,อ.วิหารแดง
res_district_346,อ.วังม่วง
res_district_486,อ.ดอนพุด
res_district_635,อ.หนองบัว
res_district_512,อ.ท่าตะโก
res_district_678,อ.พยุหะคีรี
res_district_381,อ.ชุมแสง
res_district_842,อ.เก้าเลี้ยว
res_district_68,อ.เมืองนครสวรรค์
res_district_551,อ.บรรพตพิสัย
res_district_812,อ.ลาดยาว
res_district_706,อ.โกรกพระ
res_district_413,อ.ตาคลี
res_district_452,อ.ชุมตาบง
res_district_570,อ.ไพศาลี
res_district_578,อ.ตากฟ้า
res_district_855,อ.แม่วงก์
res_district_873,อ.แม่เปิน
res_district_744,อ.นิคมน้ำอูน
res_district_3,อ.ภูพาน
res_district_349,อ.สว่างแดนดิน
res_district_173,อ.วานรนิวาส
res_district_658,อ.เจริญศิลป์
res_district_661,อ.อากาศอำนวย
res_district_198,อ.เมืองสกลนคร
res_district_411,อ.เต่างอย
res_district_183,อ.กุสุมาลย์
res_district_499,อ.บ้านม่วง
res_district_157,อ.กุดบาก
res_district_339,อ.คำตากล้า
res_district_343,อ.วาริชภูมิ
res_district_470,อ.พรรณานิคม
res_district_552,อ.โคกศรีสุพรรณ
res_district_719,อ.โพนนาแก้ว
res_district_597,อ.พังโคน
res_district_688,อ.ส่องดาว
res_district_778,อ.วัดสิงห์
res_district_372,อ.มโนรมย์
res_district_139,อ.หนองมะโมง
res_district_566,อ.สรรพยา
res_district_442,อ.เมืองชัยนาท
res_district_86,อ.เนินขาม
res_district_484,อ.สรรคบุรี
res_district_800,อ.หันคา
res_district_791,อ.บ้านฝาง
res_district_210,อ.พระยืน
res_district_515,อ.เมืองขอนแก่น
res_district_168,อ.มัญจาคีรี
res_district_795,อ.บ้านไผ่
res_district_870,อ.เวียงเก่า
res_district_725,อ.ภูผาม่าน
res_district_479,อ.สีชมพู
res_district_28,อ.ซำสูง
res_district_133,อ.หนองเรือ
res_district_366,อ.หนองสองห้อง
res_district_207,อ.ชุมแพ
res_district_548,อ.กระนวน
res_district_797,อ.โนนศิลา
res_district_347,อ.เขาสวนกวาง
res_district_807,อ.บ้านแฮด
res_district_154,อ.น้ำพอง
res_district_328,อ.แวงใหญ่
res_district_214,อ.เปือยน้อย
res_district_193,อ.แวงน้อย
res_district_659,อ.อุบลรัตน์
res_district_135,อ.ภูเวียง
res_district_475,อ.โคกโพธิ์ไชย
res_district_150,อ.หนองนาคำ
res_district_170,อ.ชนบท
res_district_851,อ.พล
res_district_813,อ.ไชยปราการ
res_district_466,อ.เมืองเชียงใหม่
res_district_128,อ.แม่แตง
res_district_222,อ.แม่ริม
res_district_80,อ.แม่แจ่ม
res_district_654,อ.พร้าว
res_district_206,อ.สารภี
res_district_558,อ.ดอยสะเก็ด
res_district_633,อ.สันป่าตอง
res_district_598,อ.สันกำแพง
res_district_827,อ.สันทราย
res_district_736,อ.อมก๋อย
res_district_846,อ.ฝาง
res_district_224,อ.หางดง
res_district_710,อ.ฮอด
res_district_238,อ.จอมทอง
res_district_671,อ.แม่อาย
res_district_535,อ.แม่วาง
res_district_777,อ.สะเมิง
res_district_623,อ.แม่ออน
res_district_541,อ.ดอยหล่อ
res_district_542,อ.ดอยเต่า
res_district_628,อ.เชียงดาว
res_district_781,อ.กัลยาณิวัฒนา
res_district_872,อ.เวียงแหง
res_district_718,อ.เฝ้าไร่
res_district_74,อ.เมืองหนองคาย
res_district_156,อ.โพนพิสัย
res_district_714,อ.สังคม
res_district_553,อ.โพธิ์ตาก
res_district_79,อ.ท่าบ่อ
res_district_326,อ.สระใคร
res_district_721,อ.รัตนวาปี
res_district_796,อ.ศรีเชียงใหม่
res_district_550,อ.ด่านช้าง
res_district_509,อ.เมืองสุพรรณบุรี
res_district_629,อ.เดิมบางนางบวช
res_district_522,อ.ศรีประจันต์
res_district_524,อ.สองพี่น้อง
res_district_18,อ.อู่ทอง
res_district_41,อ.สามชุก
res_district_58,อ.บางปลาม้า
res_district_533,อ.ดอนเจดีย์
res_district_621,อ.หนองหญ้าไซ
res_district_573,อ.บางละมุง
res_district_702,อ.บ่อทอง
res_district_758,อ.พานทอง
res_district_132,อ.พนัสนิคม
res_district_283,อ.หนองใหญ่
res_district_270,อ.เมืองชลบุรี
res_district_652,อ.ศรีราชา
res_district_251,อ.บ้านบึง
res_district_679,อ.เกาะจันทร์
res_district_694,อ.เกาะสีชัง
res_district_715,อ.สัตหีบ
res_district_5,อ.บางไทร
res_district_199,อ.บางปะหัน
res_district_89,อ.พระนครศรีอยุธยา
res_district_195,อ.บางปะอิน
res_district_131,อ.ผักไห่
res_district_84,อ.มหาราช
res_district_13,อ.บางบาล
res_district_20,อ.ภาชี
res_district_416,อ.ท่าเรือ
res_district_276,อ.บ้านแพรก
res_district_294,อ.นครหลวง
res_district_447,อ.เสนา
res_district_241,อ.อุทัย
res_district_240,อ.วังน้อย
res_district_281,อ.ลาดบัวหลวง
res_district_757,อ.บางซ้าย
res_district_44,อ.สามโคก
res_district_282,อ.ลาดหลุมแก้ว
res_district_754,อ.เมืองปทุมธานี
res_district_704,อ.หนองเสือ
res_district_373,อ.ลำลูกกา
res_district_293,อ.คลองหลวง
res_district_768,อ.ธัญบุรี
res_district_228,อ.เมืองสุราษฎร์ธานี
res_district_606,อ.บ้านนาเดิม
res_district_56,อ.พุนพิน
res_district_98,อ.คีรีรัฐนิคม
res_district_55,อ.กาญจนดิษฐ์
res_district_803,อ.เคียนซา
res_district_431,อ.ดอนสัก
res_district_264,อ.เวียงสระ
res_district_275,อ.ชัยบุรี
res_district_837,อ.บ้านตาขุน
res_district_563,อ.เกาะสมุย
res_district_562,อ.ไชยา
res_district_265,อ.พนม
res_district_279,อ.บ้านนาสาร
res_district_285,อ.ท่าชนะ
res_district_312,อ.ท่าฉาง
res_district_810,อ.เกาะพะงัน
res_district_569,อ.วิภาวดี
res_district_765,อ.พระแสง
res_district_365,อ.ตะกั่วป่า
res_district_580,อ.เมืองพังงา
res_district_51,อ.ตะกั่วทุ่ง
res_district_87,อ.กะปง
res_district_603,อ.ทับปุด
res_district_369,อ.คุระบุรี
res_district_645,อ.ท้ายเหมือง
res_district_836,อ.เกาะยาว
res_district_230,อ.เมืองอุตรดิตถ์
res_district_748,อ.ทองแสนขัน
res_district_441,อ.ลับแล
res_district_332,อ.พิชัย
res_district_804,อ.ฟากท่า
res_district_239,อ.ตรอน
res_district_709,อ.บ้านโคก
res_district_750,อ.น้ำปาด
res_district_391,อ.ท่าปลา
res_district_613,อ.พรหมคีรี
res_district_71,อ.ท่าศาลา
res_district_124,อ.เมืองนครศรีธรรมราช
res_district_197,อ.ปากพนัง
res_district_54,อ.ทุ่งใหญ่
res_district_53,อ.นบพิตำ
res_district_467,อ.พระพรหม
res_district_85,อ.พิปูน
res_district_88,อ.ทุ่งสง
res_district_425,อ.สิชล
res_district_99,อ.ฉวาง
res_district_109,อ.เชียรใหญ่
res_district_127,อ.ลานสกา
res_district_196,อ.ขนอม
res_district_318,อ.ร่อนพิบูลย์
res_district_202,อ.ชะอวด
res_district_322,อ.จุฬาภรณ์
res_district_317,อ.หัวไทร
res_district_304,อ.ถ้ำพรรณรา
res_district_755,อ.บางขัน
res_district_465,อ.ช้างกลาง
res_district_650,อ.นาบอน
res_district_759,อ.พรหมบุรี
res_district_388,อ.อินทร์บุรี
res_district_407,อ.เมืองสิงห์บุรี
res_district_327,อ.ค่ายบางระจัน
res_district_783,อ.บางระจัน
res_district_601,อ.ท่าช้าง
res_district_23,อ.สทิงพระ
res_district_227,อ.จะนะ
res_district_296,อ.คลองหอยโข่ง
res_district_299,อ.หาดใหญ่
res_district_305,อ.ระโนด
res_district_683,อ.เทพา
res_district_46,อ.กระแสสินธุ์
res_district_653,อ.สะเดา
res_district_125,อ.รัตภูมิ
res_district_250,อ.นาทวี
res_district_376,อ.สะบ้าย้อย
res_district_668,อ.บางกล่ำ
res_district_295,อ.นาหม่อม
res_district_324,อ.ควนเนียง
res_district_439,อ.สิงหนคร
res_district_655,อ.เมืองสงขลา
res_district_459,อ.วัฒนานคร
res_district_866,อ.โคกสูง
res_district_272,อ.อรัญประเทศ
res_district_858,อ.วังสมบูรณ์
res_district_298,อ.วังน้ำเย็น
res_district_693,อ.เมืองสระแก้ว
res_district_834,อ.เขาฉกรรจ์
res_district_297,อ.คลองหาด
res_district_585,อ.ตาพระยา
res_district_713,อ.บ้านแพง
res_district_179,อ.ปลาปาก
res_district_182,อ.เมืองนครพนม
res_district_192,อ.นาแก
res_district_684,อ.เรณูนคร
res_district_708,อ.โพนสวรรค์
res_district_680,อ.ศรีสงคราม
res_district_696,อ.นาหว้า
res_district_143,อ.ธาตุพนม
res_district_667,อ.ท่าอุเทน
res_district_847,อ.วังยาง
res_district_534,อ.นาทม
res_district_814,อ.ดอยหลวง
res_district_599,อ.ขุนตาล
res_district_385,อ.เทิง
res_district_664,อ.เวียงแก่น
res_district_528,อ.เวียงชัย
res_district_808,อ.เวียงป่าเป้า
res_district_539,อ.พาน
res_district_826,อ.ป่าแดด
res_district_401,อ.แม่จัน
res_district_540,อ.เมืองเชียงราย
res_district_246,อ.เชียงของ
res_district_806,อ.เชียงแสน
res_district_494,อ.เวียงเชียงรุ้ง
res_district_402,อ.แม่ลาว
res_district_584,อ.พญาเม็งราย
res_district_662,อ.แม่สรวย
res_district_871,อ.แม่ฟ้าหลวง
res_district_787,อ.แม่สาย
res_district_386,อ.เมืองพิษณุโลก
res_district_368,อ.บางระกำ
res_district_673,อ.บางกระทุ่ม
res_district_335,อ.วัดโบสถ์
res_district_428,อ.เนินมะปราง
res_district_443,อ.วังทอง
res_district_490,อ.พรหมพิราม
res_district_446,อ.ชาติตระการ
res_district_703,อ.นครไทย
res_district_529,อ.พรเจริญ
res_district_340,อ.เมืองบึงกาฬ
res_district_775,อ.บุ่งคล้า
res_district_488,อ.บึงโขงหลง
res_district_478,อ.เซกา
res_district_356,อ.โซ่พิสัย
res_district_455,อ.ศรีวิไล
res_district_707,อ.ปากคาด
res_district_805,อ.แม่ใจ
res_district_419,อ.เมืองพะเยา
res_district_225,อ.ปง
res_district_641,อ.เชียงคำ
res_district_367,อ.ดอกคำใต้
res_district_423,อ.จุน
res_district_501,อ.ภูกามยาว
res_district_626,อ.ภูซาง
res_district_794,อ.เชียงม่วน
res_district_234,อ.นครชัยศรี
res_district_274,อ.บางเลน
res_district_24,อ.กำแพงแสน
res_district_26,อ.สามพราน
res_district_526,อ.เมืองนครปฐม
res_district_523,อ.ดอนตูม
res_district_306,อ.พุทธมณฑล
res_district_262,อ.ตะพานหิน
res_district_769,อ.วชิรบารมี
res_district_261,อ.เมืองพิจิตร
res_district_504,อ.โพธิ์ประทับช้าง
res_district_271,อ.สากเหล็ก
res_district_123,อ.สามง่าม
res_district_857,อ.วังทรายพูน
res_district_614,อ.โพทะเล
res_district_762,อ.บางมูลนาก
res_district_764,อ.บึงนาราง
res_district_616,อ.ทับคล้อ
res_district_854,อ.ดงเจริญ
res_district_244,อ.สวี
res_district_463,อ.ทุ่งตะโก
res_district_223,อ.เมืองชุมพร
res_district_370,อ.ท่าแซะ
res_district_205,อ.หลังสวน
res_district_630,อ.ละแม
res_district_457,อ.ปะทิว
res_district_820,อ.พะโต๊ะ
res_district_320,อ.เมืองพัทลุง
res_district_11,อ.กงหรา
res_district_453,อ.ศรีนครินทร์
res_district_316,อ.เขาชัยสน
res_district_639,อ.ป่าบอน
res_district_792,อ.ป่าพะยอม
res_district_315,อ.ควนขนุน
res_district_519,อ.ปากพะยูน
res_district_308,อ.ตะโหมด
res_district_575,อ.ศรีบรรพต
res_district_682,อ.บางแก้ว
res_district_840,อ.สุคิริน
res_district_404,อ.ยี่งอ
res_district_94,อ.เมืองนราธิวาส
res_district_108,อ.แว้ง
res_district_110,อ.ระแงะ
res_district_111,อ.สุไหงปาดี
res_district_112,อ.ศรีสาคร
res_district_115,อ.บาเจาะ
res_district_767,อ.รือเสาะ
res_district_394,อ.เจาะไอร้อง
res_district_406,อ.จะแนะ
res_district_723,อ.ตากใบ
res_district_823,อ.สุไหงโกลก
res_district_333,อ.หนองจิก
res_district_47,อ.ยะรัง
res_district_313,อ.ปะนาเระ
res_district_33,อ.มายอ
res_district_83,อ.สายบุรี
res_district_90,อ.เมืองปัตตานี
res_district_92,อ.กะพ้อ
res_district_323,อ.โคกโพธิ์
res_district_828,อ.แม่ลาน
res_district_520,อ.ไม้แก่น
res_district_405,อ.ยะหริ่ง
res_district_576,อ.ทุ่งยางแดง
res_district_97,อ.กะเปอร์
res_district_610,อ.เมืองระนอง
res_district_389,อ.กระบุรี
res_district_117,อ.สุขสำราญ
res_district_761,อ.ละอุ่น
res_district_611,อ.บ้านนา
res_district_309,อ.องครักษ์
res_district_498,อ.เมืองนครนายก
res_district_697,อ.ปากพลี
res_district_789,อ.สามเงา
res_district_567,อ.เมืองตาก
res_district_867,อ.อุ้มผาง
res_district_204,อ.แม่ระมาด
res_district_362,อ.พบพระ
res_district_554,อ.แม่สอด
res_district_577,อ.บ้านตาก
res_district_690,อ.ท่าสองยาง
res_district_741,อ.วังเจ้า
res_district_637,อ.เขาสมิง
res_district_450,อ.เมืองตราด
res_district_307,อ.คลองใหญ่
res_district_310,อ.แหลมงอบ
res_district_469,อ.บ่อไร่
res_district_868,อ.เกาะกูด
res_district_869,อ.เกาะช้าง
res_district_249,อ.เมืองเพชรบุรี
res_district_61,อ.ท่ายาง
res_district_699,อ.บ้านแหลม
res_district_437,อ.ชะอำ
res_district_617,อ.เขาย้อย
res_district_593,อ.บ้านลาด
res_district_825,อ.แก่งกระจาน
res_district_672,อ.หนองหญ้าปล้อง
res_district_233,อ.ไทรน้อย
res_district_259,อ.ปากเกร็ด
res_district_763,อ.บางใหญ่
res_district_756,อ.บางบัวทอง
res_district_559,อ.เมืองนนทบุรี
res_district_753,อ.บางกรวย
res_district_14,อ.กะทู้
res_district_91,อ.เมืองภูเก็ต
res_district_824,อ.ถลาง
res_district_16,อ.กรงปินัง
res_district_564,อ.บันนังสตา
res_district_82,อ.รามัน
res_district_104,อ.ยะหา
res_district_105,อ.กาบัง
res_district_364,อ.ธารโต
res_district_588,อ.เมืองยะลา
res_district_589,อ.เบตง
res_district_22,อ.บางคนที
res_district_666,อ.อัมพวา
res_district_301,อ.เมืองสมุทรสงคราม
res_district_513,อ.บางแพ
res_district_518,อ.ปากท่อ
res_district_52,อ.บ้านโป่ง
res_district_260,อ.โพธาราม
res_district_396,อ.จอมบึง
res_district_231,อ.ดำเนินสะดวก
res_district_371,อ.เมืองราชบุรี
res_district_780,อ.บ้านคา
res_district_571,อ.สวนผึ้ง
res_district_397,อ.วัดเพลง
res_district_242,อ.เมืองกำแพงเพชร
res_district_412,อ.ลานกระบือ
res_district_822,อ.ปางศิลาทอง
res_district_254,อ.คลองขลุง
res_district_838,อ.ไทรงาม
res_district_602,อ.ทรายทองวัฒนา
res_district_536,อ.ขาณุวรลักษบุรี
res_district_278,อ.คลองลาน
res_district_286,อ.พรานกระต่าย
res_district_773,อ.บึงสามัคคี
res_district_852,อ.โกสัมพีนคร
res_district_435,อ.เมืองเพชรบูรณ์
res_district_426,อ.ชนแดน
res_district_78,อ.หนองไผ่
res_district_582,อ.หล่มเก่า
res_district_468,อ.หล่มสัก
res_district_101,อ.บึงสามพัน
res_district_248,อ.ศรีเทพ
res_district_473,อ.วิเชียรบุรี
res_district_476,อ.วังโป่ง
res_district_651,อ.เขาค้อ
res_district_749,อ.น้ำหนาว
res_district_596,อ.เมืองลำพูน
res_district_189,อ.ลี้
res_district_674,อ.ป่าซาง
res_district_572,อ.ทุ่งหัวช้าง
res_district_622,อ.แม่ทา
res_district_788,อ.บ้านธิ
res_district_809,อ.บ้านโฮ่ง
res_district_859,อ.เวียงหนองล่อง
res_district_568,อ.ทัพทัน
res_district_511,อ.เมืองอุทัยธานี
res_district_638,อ.ลานสัก
res_district_482,อ.หนองขาหย่าง
res_district_325,อ.บ้านไร่
res_district_776,อ.สว่างอารมณ์
res_district_644,อ.หนองฉาง
res_district_612,อ.ห้วยคต
res_district_489,อ.ลืออำนาจ
res_district_738,อ.เสนางคนิคม
res_district_345,อ.หัวตะพาน
res_district_359,อ.ปทุมราชวงศา
res_district_160,อ.เมืองอำนาจเจริญ
res_district_352,อ.ชานุมาน
res_district_415,อ.พนา
res_district_557,อ.พระประแดง
res_district_700,อ.เมืองสมุทรปราการ
res_district_735,อ.พระสมุทรเจดีย์
res_district_760,อ.บางพลี
res_district_266,อ.บางบ่อ
res_district_766,อ.บางเสาธง
res_district_103,อ.เมืองแพร่
res_district_592,อ.หนองม่วงไข่
res_district_525,อ.สูงเม่น
res_district_640,อ.สอง
res_district_815,อ.เด่นชัย
res_district_600,อ.ลอง
res_district_727,อ.วังชิ้น
res_district_649,อ.ร้องกวาง
res_district_29,อ.เมืองกระบี่
res_district_253,อ.เหนือคลอง
res_district_289,อ.อ่าวลึก
res_district_290,อ.เกาะลันตา
res_district_273,อ.คลองท่อม
res_district_363,อ.ปลายพระยา
res_district_544,อ.ลำทับ
res_district_835,อ.เขาพนม
res_district_120,อ.ละงู
res_district_746,อ.มะนัง
res_district_321,อ.ควนโดน
res_district_695,อ.ท่าแพ
res_district_258,อ.เมืองสตูล
res_district_201,อ.ทุ่งหว้า
res_district_314,อ.ควนกาหลง
res_district_398,อ.ท่าวังผา
res_district_67,อ.เวียงสา
res_district_77,อ.เมืองน่าน
res_district_724,อ.นาน้อย
res_district_833,อ.เชียงกลาง
res_district_821,อ.ปัว
res_district_383,อ.ทุ่งช้าง
res_district_427,อ.สองแคว
res_district_747,อ.แม่จริม
res_district_491,อ.บ่อเกลือ
res_district_720,อ.นาหมื่น
res_district_549,อ.สันติสุข
res_district_677,อ.ภูเพียง
res_district_793,อ.บ้านหลวง
res_district_119,อ.บางสะพาน
res_district_618,อ.ทับสะแก
res_district_471,อ.บางสะพานน้อย
res_district_818,อ.ปราณบุรี
res_district_619,อ.หัวหิน
res_district_181,อ.กุยบุรี
res_district_292,อ.เมืองประจวบคีรีขันธ์
res_district_861,อ.สามร้อยยอด
res_district_648,อ.ปาย
res_district_76,อ.สบเมย
res_district_395,อ.เมืองแม่ฮ่องสอน
res_district_779,อ.แม่สะเรียง
res_district_232,อ.ขุนยวม
res_district_235,อ.แม่ลาน้อย
res_district_604,อ.ปางมะผ้า
res_district_420,อ.แสวงหา
res_district_350,อ.โพธิ์ทอง
res_district_252,อ.วิเศษชัยชาญ
res_district_291,อ.เมืองอ่างทอง
res_district_705,อ.ป่าโมก
res_district_393,อ.ไชโย
res_district_841,อ.สามโก้
res_district_874,เขตหนองจอก
res_district_875,เขตลาดกระบัง
res_district_876,เขตบึงกุ่ม
res_district_877,เขตภาษีเจริญ
res_district_909,เขตพระโขนง
res_district_878,เขตบางกะปิ
res_district_879,เขตตลิ่งชัน
res_district_880,เขตคลองเตย
res_district_881,เขตวัฒนา
res_district_882,เขตคลองสาน
res_district_883,เขตสายไหม
res_district_884,เขตป้อมปราบศัตรูพ่าย
res_district_885,เขตวังทองหลาง
res_district_886,เขตคันนายาว
res_district_887,เขตจตุจักร
res_district_888,เขตลาดพร้าว
res_district_889,เขตจอมทอง
res_district_902,เขตทุ่งครุ
res_district_890,เขตสัมพันธวงศ์
res_district_891,เขตพระนคร
res_district_892,เขตยานนาวา
res_district_893,เขตประเวศ
res_district_894,เขตดอนเมือง
res_district_895,เขตธนบุรี
res_district_896,เขตดินแดง
res_district_897,เขตดุสิต
res_district_898,เขตหลักสี่
res_district_899,เขตราชเทวี
res_district_900,เขตคลองสามวา
res_district_901,เขตทวีวัฒนา
res_district_903,เขตสาทร
res_district_904,เขตบางขุนเทียน
res_district_905,เขตบางเขน
res_district_906,เขตห้วยขวาง
res_district_907,เขตบางกอกน้อย
res_district_908,เขตบางคอแหลม
res_district_910,เขตบางซื่อ
res_district_911,เขตบางนา
res_district_912,เขตบางบอน
res_district_913,เขตบางพลัด
res_district_914,เขตราษฎร์บูรณะ
res_district_915,เขตบางรัก
res_district_916,เขตบางแค
res_district_917,เขตปทุมวัน
res_district_918,เขตมีนบุรี
res_district_919,เขตบางกอกใหญ่
res_district_920,เขตสวนหลวง
res_district_921,เขตสะพานสูง
res_district_922,เขตพญาไท
res_district_923,เขตหนองแขม